Workbook

Sheet Products
A1: ProductID | B1: Product | C1: Price | D1: Order Status
A2: 101 | B2: Product A | C2: 120 | D2: =IF(ISNA(VLOOKUP(A2,Orders!$B$2:$B$7,1,0)),"Not Ordered","Ordered") -> Ordered
A3: 102 | B3: Product B | C3: 150 | D3: =IF(ISNA(VLOOKUP(A3,Orders!$B$2:$B$7,1,0)),"Not Ordered","Ordered") -> Ordered
A4: 103 | B4: Product C | C4: 200 | D4: =IF(ISNA(VLOOKUP(A4,Orders!$B$2:$B$7,1,0)),"Not Ordered","Ordered") -> Ordered
A5: 104 | B5: Product D | C5: 90 | D5: =IF(ISNA(VLOOKUP(A5,Orders!$B$2:$B$7,1,0)),"Not Ordered","Ordered") -> Ordered
A6: 105 | B6: Product E | C6: 220 | D6: =IF(ISNA(VLOOKUP(A6,Orders!$B$2:$B$7,1,0)),"Not Ordered","Ordered") -> Ordered
A7: 106 | B7: Product F | C7: 130 | D7: =IF(ISNA(VLOOKUP(A7,Orders!$B$2:$B$7,1,0)),"Not Ordered","Ordered") -> Ordered

Sheet Orders
A1: OrderID | B1: ProductID | C1: Quantity | D1: Product Name | E1: Price | F1: Total Price | G1: Check Product | H1: Original Price | I1: Discounted Price | J1: MAX Order Value | K1: Total Quantity
A2: 1 | B2: 101 | C2: 2 | D2: =VLOOKUP(B2,Products!$A$2:$C$7,2,0) -> Product A | E2: =VLOOKUP(B2,Products!$A$2:$C$7,3,FALSE) -> 120 | F2: =C2*E2 -> 240 | G2: =IFERROR(VLOOKUP(B2,Products!$A$2:$C$7,1,0),"Not Found") -> 101 | H2: =VLOOKUP(B2,Products!$A$2:$C$7,3,FALSE) -> 120 | I2: =H2*(1-10%) -> 108 | J2: =MAX(F2:F7) -> 880 | K2: =SUMIF(Orders!D2:D7,D2,Orders!C2:C7) -> 2
A3: 2 | B3: 103 | C3: 1 | D3: =VLOOKUP(B3,Products!$A$2:$C$7,2,0) -> Product C | E3: =VLOOKUP(B3,Products!$A$2:$C$7,3,FALSE) -> 200 | F3: =C3*E3 -> 200 | G3: =IFERROR(VLOOKUP(B3,Products!$A$2:$C$7,1,0),"Not Found") -> 103 | H3: =VLOOKUP(B3,Products!$A$2:$C$7,3,FALSE) -> 200 | I3: =H3*(1-10%) -> 180 | K3: =SUMIF(Orders!D3:D8,D3,Orders!C3:C8) -> 1
A4: 3 | B4: 105 | C4: 4 | D4: =VLOOKUP(B4,Products!$A$2:$C$7,2,0) -> Product E | E4: =VLOOKUP(B4,Products!$A$2:$C$7,3,FALSE) -> 220 | F4: =C4*E4 -> 880 | G4: =IFERROR(VLOOKUP(B4,Products!$A$2:$C$7,1,0),"Not Found") -> 105 | H4: =VLOOKUP(B4,Products!$A$2:$C$7,3,FALSE) -> 220 | I4: =H4*(1-10%) -> 198 | K4: =SUMIF(Orders!D4:D9,D4,Orders!C4:C9) -> 4
A5: 4 | B5: 106 | C5: 3 | D5: =VLOOKUP(B5,Products!$A$2:$C$7,2,0) -> Product F | E5: =VLOOKUP(B5,Products!$A$2:$C$7,3,FALSE) -> 130 | F5: =C5*E5 -> 390 | G5: =IFERROR(VLOOKUP(B5,Products!$A$2:$C$7,1,0),"Not Found") -> 106 | H5: =VLOOKUP(B5,Products!$A$2:$C$7,3,FALSE) -> 130 | I5: =H5*(1-10%) -> 117 | K5: =SUMIF(Orders!D5:D10,D5,Orders!C5:C10) -> 3
A6: 5 | B6: 102 | C6: 5 | D6: =VLOOKUP(B6,Products!$A$2:$C$7,2,0) -> Product B | E6: =VLOOKUP(B6,Products!$A$2:$C$7,3,FALSE) -> 150 | F6: =C6*E6 -> 750 | G6: =IFERROR(VLOOKUP(B6,Products!$A$2:$C$7,1,0),"Not Found") -> 102 | H6: =VLOOKUP(B6,Products!$A$2:$C$7,3,FALSE) -> 150 | I6: =H6*(1-10%) -> 135 | K6: =SUMIF(Orders!D6:D11,D6,Orders!C6:C11) -> 5
A7: 6 | B7: 104 | C7: 6 | D7: =VLOOKUP(B7,Products!$A$2:$C$7,2,0) -> Product D | E7: =VLOOKUP(B7,Products!$A$2:$C$7,3,FALSE) -> 90 | F7: =C7*E7 -> 540 | G7: =IFERROR(VLOOKUP(B7,Products!$A$2:$C$7,1,0),"Not Found") -> 104 | H7: =VLOOKUP(B7,Products!$A$2:$C$7,3,FALSE) -> 90 | I7: =H7*(1-10%) -> 81 | K7: =SUMIF(Orders!D7:D12,D7,Orders!C7:C12) -> 6
